"geo_type";"geo_area_id";"geo_area_name";"borough_id";"time_period";"BLL_greater_5";"BLL_greater_5_note";"BLL_greater_10";"BLL_greater_10_note";"BLL_greater_15";"BLL_greater_15_note";"num_tested";"rate_greater_5";"rate_greater_10";"rate_greater_15"
"Borough";"1";"Bronx";"1";"2005";"8245";"0";"595";"0";"167";"0";"64500";"127.7";"9.2";"2.6"
"Borough";"1";"Bronx";"1";"2006";"7272";"0";"474";"0";"144";"0";"67200";"108.2";"7.1";"2.1"
"Borough";"1";"Bronx";"1";"2007";"6174";"0";"438";"0";"135";"0";"68300";"90.4";"6.4";"2"
"Borough";"1";"Bronx";"1";"2008";"4254";"0";"292";"0";"105";"0";"69800";"60.9";"4.2";"1.5"
"Borough";"1";"Bronx";"1";"2009";"2742";"0";"278";"0";"103";"0";"70000";"39.2";"4";"1.5"
"Borough";"1";"Bronx";"1";"2010";"2625";"0";"290";"0";"101";"0";"70100";"37.5";"4.1";"1.4"
"Borough";"1";"Bronx";"1";"2011";"1996";"0";"231";"0";"75";"0";"70100";"28.5";"3.3";"1.1"
"Borough";"1";"Bronx";"1";"2012";"1396";"0";"184";"0";"81";"0";"66800";"20.9";"2.8";"1.2"
"Borough";"1";"Bronx";"1";"2013";"1312";"0";"193";"0";"74";"0";"65300";"20.1";"3";"1.1"
"Borough";"1";"Bronx";"1";"2014";"1186";"0";"177";"0";"68";"0";"63400";"18.7";"2.8";"1.1"
"Borough";"1";"Bronx";"1";"2015";"971";"0";"155";"0";"61";"0";"61700";"15.7";"2.5";"1"
"Borough";"1";"Bronx";"1";"2016";"884";"0";"162";"0";"71";"0";"59000";"15";"2.7";"1.2"
"Borough";"2";"Brooklyn";"2";"2005";"15015";"0";"1301";"0";"448";"0";"106800";"140.6";"12.2";"4.2"
"Borough";"2";"Brooklyn";"2";"2006";"14199";"0";"1230";"0";"412";"0";"103800";"136.9";"11.9";"4"
"Borough";"2";"Brooklyn";"2";"2007";"12622";"0";"1002";"0";"325";"0";"104500";"120.7";"9.6";"3.1"
"Borough";"2";"Brooklyn";"2";"2008";"8288";"0";"777";"0";"266";"0";"108300";"76.6";"7.2";"2.5"
"Borough";"2";"Brooklyn";"2";"2009";"6719";"0";"698";"0";"252";"0";"111900";"60";"6.2";"2.3"
"Borough";"2";"Brooklyn";"2";"2010";"6182";"0";"707";"0";"250";"0";"117500";"52.6";"6";"2.1"
"Borough";"2";"Brooklyn";"2";"2011";"5483";"0";"595";"0";"182";"0";"119800";"45.8";"5";"1.5"
"Borough";"2";"Brooklyn";"2";"2012";"4017";"0";"460";"0";"148";"0";"113700";"35.3";"4";"1.3"
"Borough";"2";"Brooklyn";"2";"2013";"3370";"0";"380";"0";"137";"0";"111800";"30.1";"3.4";"1.2"
"Borough";"2";"Brooklyn";"2";"2014";"2929";"0";"412";"0";"149";"0";"109300";"26.8";"3.8";"1.4"
"Borough";"2";"Brooklyn";"2";"2015";"2458";"0";"423";"0";"142";"0";"108800";"22.6";"3.9";"1.3"
"Borough";"2";"Brooklyn";"2";"2016";"2314";"0";"376";"0";"122";"0";"103800";"22.3";"3.6";"1.2"
"Borough";"3";"Manhattan";"3";"2005";"4851";"0";"324";"0";"85";"0";"43900";"110.6";"7.4";"1.9"
"Borough";"3";"Manhattan";"3";"2006";"4531";"0";"268";"0";"92";"0";"44600";"101.7";"6";"2.1"
"Borough";"3";"Manhattan";"3";"2007";"3935";"0";"203";"0";"52";"0";"44600";"88.2";"4.5";"1.2"
"Borough";"3";"Manhattan";"3";"2008";"2428";"0";"190";"0";"55";"0";"43900";"55.4";"4.3";"1.3"
"Borough";"3";"Manhattan";"3";"2009";"1579";"0";"129";"0";"39";"0";"43300";"36.4";"3";"0.9"
"Borough";"3";"Manhattan";"3";"2010";"1228";"0";"133";"0";"45";"0";"45100";"27.2";"3";"1"
"Borough";"3";"Manhattan";"3";"2011";"992";"0";"110";"0";"48";"0";"44700";"22.2";"2.5";"1.1"
"Borough";"3";"Manhattan";"3";"2012";"654";"0";"79";"0";"32";"0";"42700";"15.3";"1.8";"0.7"
"Borough";"3";"Manhattan";"3";"2013";"622";"0";"68";"0";"27";"0";"41100";"15.1";"1.7";"0.7"
"Borough";"3";"Manhattan";"3";"2014";"539";"0";"68";"0";"20";"0";"38400";"14";"1.8";"0.5"
"Borough";"3";"Manhattan";"3";"2015";"399";"0";"59";"0";"19";"0";"37500";"10.6";"1.6";"0.5"
"Borough";"3";"Manhattan";"3";"2016";"289";"0";"46";"0";"22";"0";"35800";"8.1";"1.3";"0.6"
"Borough";"4";"Queens";"4";"2005";"8238";"0";"750";"0";"278";"0";"80400";"102.5";"9.3";"3.5"
"Borough";"4";"Queens";"4";"2006";"7638";"0";"694";"0";"246";"0";"82800";"92.3";"8.4";"3"
"Borough";"4";"Queens";"4";"2007";"6699";"0";"550";"0";"198";"0";"84100";"79.6";"6.5";"2.4"
"Borough";"4";"Queens";"4";"2008";"4821";"0";"471";"0";"160";"0";"89700";"53.7";"5.2";"1.8"
"Borough";"4";"Queens";"4";"2009";"3649";"0";"403";"0";"147";"0";"90700";"40.2";"4.4";"1.6"
"Borough";"4";"Queens";"4";"2010";"3528";"0";"400";"0";"161";"0";"92200";"38.2";"4.3";"1.7"
"Borough";"4";"Queens";"4";"2011";"2649";"0";"353";"0";"128";"0";"92900";"28.5";"3.8";"1.4"
"Borough";"4";"Queens";"4";"2012";"1864";"0";"286";"0";"119";"0";"90600";"20.6";"3.2";"1.3"
"Borough";"4";"Queens";"4";"2013";"1638";"0";"239";"0";"77";"0";"89900";"18.2";"2.7";"0.9"
"Borough";"4";"Queens";"4";"2014";"1658";"0";"271";"0";"95";"0";"89400";"18.6";"3";"1.1"
"Borough";"4";"Queens";"4";"2015";"1377";"0";"244";"0";"87";"0";"89500";"15.4";"2.7";"1"
"Borough";"4";"Queens";"4";"2016";"1247";"0";"203";"0";"75";"0";"87400";"14.3";"2.3";"0.9"
"Borough";"5";"Staten Island";"5";"2005";"990";"0";"112";"0";"36";"0";"14500";"68.2";"7.7";"2.5"
"Borough";"5";"Staten Island";"5";"2006";"983";"0";"101";"0";"34";"0";"15600";"62.9";"6.5";"2.2"
"Borough";"5";"Staten Island";"5";"2007";"1049";"0";"89";"0";"35";"0";"16500";"63.5";"5.4";"2.1"
"Borough";"5";"Staten Island";"5";"2008";"611";"0";"73";"0";"26";"0";"16000";"38.2";"4.6";"1.6"
"Borough";"5";"Staten Island";"5";"2009";"528";"0";"57";"0";"24";"0";"15600";"33.8";"3.6";"1.5"
"Borough";"5";"Staten Island";"5";"2010";"388";"0";"44";"0";"9";"0";"15900";"24.3";"2.8";"0.6"
"Borough";"5";"Staten Island";"5";"2011";"317";"0";"43";"0";"14";"0";"15400";"20.6";"2.8";"0.9"
"Borough";"5";"Staten Island";"5";"2012";"246";"0";"44";"0";"12";"0";"14700";"16.8";"3";"0.8"
"Borough";"5";"Staten Island";"5";"2013";"260";"0";"30";"0";"10";"0";"14700";"17.7";"2";"0.7"
"Borough";"5";"Staten Island";"5";"2014";"238";"0";"31";"0";"9";"0";"14000";"17";"2.2";"0.6"
"Borough";"5";"Staten Island";"5";"2015";"164";"0";"27";"0";"9";"1";"13700";"11.9";"2";"0.7"
"Borough";"5";"Staten Island";"5";"2016";"192";"0";"35";"0";"10";"1";"12900";"14.8";"2.7";"0.8"
"Neighborhood (UHF 42)";"303";"East Harlem";"3";"2015";"45";"0";"7";"1";"2";"1";"3500";"12.8";"2";"0.6"
"Neighborhood (UHF 42)";"409";"Southeast Queens";"4";"2006";"556";"0";"30";"0";"12";"0";"6300";"87.7";"4.7";"1.9"
"Neighborhood (UHF 42)";"305";"Upper East Side";"3";"2008";"118";"0";"10";"1";"0";"1";"4300";"27.3";"2.3";"0"
"Neighborhood (UHF 42)";"407";"Southwest Queens";"4";"2009";"494";"0";"62";"0";"25";"0";"11600";"42.5";"5.3";"2.1"
"Neighborhood (UHF 42)";"409";"Southeast Queens";"4";"2012";"119";"0";"21";"0";"9";"1";"6200";"19.3";"3.4";"1.5"
"Citywide";"1";"New York City";"";"2008";"20423";"0";"1803";"0";"612";"0";"328000";"62.3";"5.5";"1.9"
"Neighborhood (UHF 42)";"304";"Upper West Side";"3";"2010";"100";"0";"16";"0";"4";"1";"5700";"17.6";"2.8";"0.7"
"Neighborhood (UHF 42)";"107";"Hunts Point - Mott Haven";"1";"2009";"279";"0";"29";"0";"9";"1";"8200";"33.9";"3.5";"1.1"
"Neighborhood (UHF 42)";"304";"Upper West Side";"3";"2015";"42";"0";"5";"1";"1";"1";"4100";"10.2";"1.2";"0.2"
"Neighborhood (UHF 42)";"305";"Upper East Side";"3";"2014";"35";"0";"3";"1";"0";"1";"4200";"8.4";"0.7";"0"
"Neighborhood (UHF 42)";"206";"Borough Park";"2";"2010";"1152";"0";"136";"0";"44";"0";"15800";"73";"8.6";"2.8"
"Neighborhood (UHF 42)";"408";"Jamaica";"4";"2007";"1052";"0";"86";"0";"37";"0";"12600";"83.2";"6.8";"2.9"
"Neighborhood (UHF 42)";"304";"Upper West Side";"3";"2012";"68";"0";"10";"1";"3";"1";"4800";"14.1";"2.1";"0.6"
"Neighborhood (UHF 42)";"304";"Upper West Side";"3";"2008";"273";"0";"20";"0";"7";"1";"5500";"49.3";"3.6";"1.3"
"Neighborhood (UHF 42)";"308";"Greenwich Village - SoHo";"3";"2012";"34";"0";"5";"1";"1";"1";"1600";"21.4";"3.1";"0.6"
"Neighborhood (UHF 42)";"302";"Central Harlem - Morningside Heights";"3";"2015";"67";"0";"9";"1";"4";"1";"5300";"12.7";"1.7";"0.8"
"Neighborhood (UHF 42)";"207";"East Flatbush - Flatbush";"2";"2013";"387";"0";"43";"0";"15";"0";"12800";"30.2";"3.4";"1.2"
"Neighborhood (UHF 42)";"404";"Bayside - Little Neck";"4";"2012";"11";"0";"2";"1";"0";"1";"2200";"5";"0.9";"0"
"Neighborhood (UHF 42)";"308";"Greenwich Village - SoHo";"3";"2007";"188";"0";"10";"1";"1";"1";"1600";"121.1";"6.4";"0.6"
"Neighborhood (UHF 42)";"304";"Upper West Side";"3";"2007";"405";"0";"23";"0";"4";"1";"5600";"72.8";"4.1";"0.7"
"Neighborhood (UHF 42)";"203";"Bedford Stuyvesant - Crown Heights";"2";"2014";"368";"0";"50";"0";"16";"0";"13700";"26.9";"3.6";"1.2"
"Neighborhood (UHF 42)";"208";"Canarsie - Flatlands";"2";"2006";"700";"0";"46";"0";"15";"0";"7400";"94.2";"6.2";"2"
"Neighborhood (UHF 42)";"410";"Rockaways";"4";"2013";"81";"0";"11";"1";"3";"1";"4800";"17";"2.3";"0.6"
"Neighborhood (UHF 42)";"202";"Downtown - Heights - Slope";"2";"2005";"832";"0";"84";"0";"28";"0";"6500";"127.4";"12.9";"4.3"
"Neighborhood (UHF 42)";"406";"Fresh Meadows";"4";"2015";"42";"0";"10";"1";"4";"1";"4000";"10.5";"2.5";"1"
"Neighborhood (UHF 42)";"504";"South Beach - Tottenville";"5";"2010";"59";"0";"8";"1";"2";"1";"4800";"12.4";"1.7";"0.4"
"Neighborhood (UHF 42)";"102";"Northeast Bronx";"1";"2010";"255";"0";"31";"0";"14";"0";"7300";"34.7";"4.2";"1.9"
"Neighborhood (UHF 42)";"104";"Pelham - Throgs Neck";"1";"2011";"343";"0";"43";"0";"9";"1";"12400";"27.6";"3.5";"0.7"
"Neighborhood (UHF 42)";"504";"South Beach - Tottenville";"5";"2008";"74";"0";"5";"1";"2";"1";"5000";"14.7";"1";"0.4"
"Neighborhood (UHF 42)";"205";"Sunset Park";"2";"2016";"111";"0";"16";"0";"6";"1";"9200";"12.1";"1.7";"0.7"
"Citywide";"1";"New York City";"";"2011";"11437";"0";"1332";"0";"447";"0";"342900";"33.4";"3.9";"1.3"
"Neighborhood (UHF 42)";"105";"Crotona -Tremont";"1";"2007";"1093";"0";"99";"0";"22";"0";"12100";"90.5";"8.2";"1.8"
"Neighborhood (UHF 42)";"208";"Canarsie - Flatlands";"2";"2014";"97";"0";"8";"1";"2";"1";"7300";"13.3";"1.1";"0.3"
"Neighborhood (UHF 42)";"102";"Northeast Bronx";"1";"2014";"115";"0";"21";"0";"9";"1";"6200";"18.6";"3.4";"1.5"
"Neighborhood (UHF 42)";"209";"Bensonhurst - Bay Ridge";"2";"2008";"327";"0";"42";"0";"16";"0";"6400";"50.7";"6.5";"2.5"
"Neighborhood (UHF 42)";"104";"Pelham - Throgs Neck";"1";"2014";"200";"0";"32";"0";"14";"0";"11200";"17.8";"2.9";"1.2"
"Neighborhood (UHF 42)";"403";"Flushing - Clearview";"4";"2011";"149";"0";"13";"0";"7";"1";"8200";"18.1";"1.6";"0.9"
"Neighborhood (UHF 42)";"409";"Southeast Queens";"4";"2009";"289";"0";"29";"0";"9";"1";"6600";"43.6";"4.4";"1.4"
"Citywide";"1";"New York City";"";"2005";"37344";"0";"3082";"0";"1014";"0";"310100";"120.4";"9.9";"3.3"
"Neighborhood (UHF 42)";"210";"Coney Island - Sheepshead Bay";"2";"2005";"1035";"0";"79";"0";"25";"0";"8900";"115.7";"8.8";"2.8"
"Neighborhood (UHF 42)";"201";"Greenpoint";"2";"2013";"329";"0";"31";"0";"11";"1";"4500";"73.6";"6.9";"2.5"
"Neighborhood (UHF 42)";"405";"Ridgewood - Forest Hills";"4";"2009";"369";"0";"47";"0";"16";"0";"8800";"42.1";"5.4";"1.8"
"Neighborhood (UHF 42)";"504";"South Beach - Tottenville";"5";"2013";"28";"0";"3";"1";"1";"1";"4200";"6.6";"0.7";"0.2"
"Neighborhood (UHF 42)";"105";"Crotona -Tremont";"1";"2009";"486";"0";"55";"0";"20";"0";"12100";"40.3";"4.6";"1.7"
"Neighborhood (UHF 42)";"304";"Upper West Side";"3";"2011";"71";"0";"12";"0";"7";"1";"5100";"13.9";"2.4";"1.4"
"Neighborhood (UHF 42)";"107";"Hunts Point - Mott Haven";"1";"2015";"83";"0";"13";"0";"4";"1";"7100";"11.7";"1.8";"0.6"
"Neighborhood (UHF 42)";"305";"Upper East Side";"3";"2009";"110";"0";"7";"1";"1";"1";"4300";"25.6";"1.6";"0.2"
"Neighborhood (UHF 42)";"201";"Greenpoint";"2";"2012";"394";"0";"47";"0";"10";"1";"4900";"80.9";"9.7";"2.1"
"Neighborhood (UHF 42)";"307";"Gramercy Park - Murray Hill";"3";"2016";"6";"0";"1";"1";"1";"1";"1800";"3.4";"0.6";"0.6"
"Neighborhood (UHF 42)";"503";"Willowbrook";"5";"2013";"22";"0";"1";"1";"1";"1";"2300";"9.5";"0.4";"0.4"
"Neighborhood (UHF 42)";"206";"Borough Park";"2";"2008";"1302";"0";"152";"0";"51";"0";"13500";"96.8";"11.3";"3.8"
"Neighborhood (UHF 42)";"208";"Canarsie - Flatlands";"2";"2012";"129";"0";"13";"0";"3";"1";"7400";"17.4";"1.7";"0.4"
"Neighborhood (UHF 42)";"303";"East Harlem";"3";"2010";"144";"0";"19";"0";"9";"1";"4500";"32.4";"4.3";"2"
"Neighborhood (UHF 42)";"401";"Long Island City - Astoria";"4";"2013";"137";"0";"15";"0";"5";"1";"6800";"20.3";"2.2";"0.7"
"Neighborhood (UHF 42)";"409";"Southeast Queens";"4";"2015";"86";"0";"18";"0";"7";"1";"6100";"14";"2.9";"1.1"
"Neighborhood (UHF 42)";"105";"Crotona -Tremont";"1";"2006";"1337";"0";"103";"0";"19";"0";"11900";"111.9";"8.6";"1.6"
"Neighborhood (UHF 42)";"106";"High Bridge - Morrisania";"1";"2006";"1441";"0";"89";"0";"28";"0";"12100";"119";"7.4";"2.3"
"Neighborhood (UHF 42)";"402";"West Queens";"4";"2009";"1035";"0";"126";"0";"42";"0";"23300";"44.4";"5.4";"1.8"
"Neighborhood (UHF 42)";"105";"Crotona -Tremont";"1";"2014";"191";"0";"28";"0";"12";"0";"10900";"17.5";"2.6";"1.1"
"Neighborhood (UHF 42)";"501";"Port Richmond";"5";"2013";"105";"0";"12";"0";"4";"1";"3300";"32.1";"3.7";"1.2"
"Neighborhood (UHF 42)";"408";"Jamaica";"4";"2012";"330";"0";"41";"0";"17";"0";"13600";"24.3";"3";"1.3"
"Neighborhood (UHF 42)";"201";"Greenpoint";"2";"2006";"786";"0";"78";"0";"23";"0";"4600";"169.3";"16.8";"5"
"Neighborhood (UHF 42)";"211";"Williamsburg - Bushwick";"2";"2016";"179";"0";"34";"0";"12";"0";"8500";"21.2";"4";"1.4"
"Neighborhood (UHF 42)";"208";"Canarsie - Flatlands";"2";"2007";"628";"0";"35";"0";"9";"1";"7300";"86";"4.8";"1.2"
"Neighborhood (UHF 42)";"202";"Downtown - Heights - Slope";"2";"2007";"699";"0";"58";"0";"19";"0";"6700";"105.1";"8.7";"2.9"
"Neighborhood (UHF 42)";"410";"Rockaways";"4";"2010";"202";"0";"18";"0";"6";"1";"5400";"37.6";"3.3";"1.1"
"Neighborhood (UHF 42)";"310";"Lower Manhattan";"3";"2015";"8";"0";"0";"1";"0";"1";"1500";"5.2";"0";"0"
"Neighborhood (UHF 42)";"406";"Fresh Meadows";"4";"2005";"204";"0";"14";"0";"7";"1";"3400";"60.1";"4.1";"2.1"
"Neighborhood (UHF 42)";"203";"Bedford Stuyvesant - Crown Heights";"2";"2008";"1237";"0";"103";"0";"42";"0";"15300";"81";"6.7";"2.8"
"Neighborhood (UHF 42)";"208";"Canarsie - Flatlands";"2";"2009";"272";"0";"23";"0";"6";"1";"7500";"36.1";"3.1";"0.8"
"Neighborhood (UHF 42)";"209";"Bensonhurst - Bay Ridge";"2";"2016";"131";"0";"33";"0";"13";"0";"7600";"17.2";"4.3";"1.7"
"Neighborhood (UHF 42)";"211";"Williamsburg - Bushwick";"2";"2010";"701";"0";"86";"0";"27";"0";"12200";"57.7";"7.1";"2.2"
"Neighborhood (UHF 42)";"209";"Bensonhurst - Bay Ridge";"2";"2005";"500";"0";"52";"0";"21";"0";"5900";"84.3";"8.8";"3.5"
"Neighborhood (UHF 42)";"301";"Washington Heights";"3";"2010";"297";"0";"36";"0";"14";"0";"11000";"27.1";"3.3";"1.3"
"Neighborhood (UHF 42)";"308";"Greenwich Village - SoHo";"3";"2011";"50";"0";"6";"1";"3";"1";"1700";"29.6";"3.6";"1.8"
"Neighborhood (UHF 42)";"204";"East New York";"2";"2015";"193";"0";"41";"0";"14";"0";"10200";"18.8";"4";"1.4"
"Neighborhood (UHF 42)";"403";"Flushing - Clearview";"4";"2006";"455";"0";"33";"0";"10";"1";"7000";"64.6";"4.7";"1.4"
"Neighborhood (UHF 42)";"303";"East Harlem";"3";"2009";"158";"0";"15";"0";"6";"1";"4500";"35.1";"3.3";"1.3"
"Neighborhood (UHF 42)";"502";"Stapleton - St. George";"5";"2011";"129";"0";"14";"0";"6";"1";"4900";"26.4";"2.9";"1.2"
"Neighborhood (UHF 42)";"104";"Pelham - Throgs Neck";"1";"2015";"212";"0";"38";"0";"15";"0";"11500";"18.5";"3.3";"1.3"
"Neighborhood (UHF 42)";"207";"East Flatbush - Flatbush";"2";"2011";"670";"0";"69";"0";"26";"0";"14500";"46.1";"4.7";"1.8"
"Neighborhood (UHF 42)";"501";"Port Richmond";"5";"2011";"112";"0";"20";"0";"5";"1";"3500";"31.6";"5.6";"1.4"
"Neighborhood (UHF 42)";"303";"East Harlem";"3";"2011";"116";"0";"12";"0";"6";"1";"4400";"26.2";"2.7";"1.4"
"Neighborhood (UHF 42)";"208";"Canarsie - Flatlands";"2";"2013";"120";"0";"9";"1";"2";"1";"7300";"16.4";"1.2";"0.3"
"Neighborhood (UHF 42)";"201";"Greenpoint";"2";"2007";"864";"0";"94";"0";"19";"0";"4700";"182.8";"19.9";"4"
"Neighborhood (UHF 42)";"504";"South Beach - Tottenville";"5";"2014";"26";"0";"2";"1";"1";"1";"4100";"6.3";"0.5";"0.2"
"Neighborhood (UHF 42)";"410";"Rockaways";"4";"2009";"164";"0";"15";"0";"8";"1";"5100";"32.2";"2.9";"1.6"
"Neighborhood (UHF 42)";"404";"Bayside - Little Neck";"4";"2007";"86";"0";"5";"1";"2";"1";"2000";"43.5";"2.5";"1"
"Neighborhood (UHF 42)";"405";"Ridgewood - Forest Hills";"4";"2015";"147";"0";"21";"0";"9";"1";"9500";"15.5";"2.2";"1"
"Neighborhood (UHF 42)";"409";"Southeast Queens";"4";"2010";"247";"0";"17";"0";"4";"1";"6600";"37.3";"2.6";"0.6"
"Neighborhood (UHF 42)";"308";"Greenwich Village - SoHo";"3";"2009";"82";"0";"6";"1";"0";"1";"1500";"55.6";"4.1";"0"
"Neighborhood (UHF 42)";"301";"Washington Heights";"3";"2007";"948";"0";"57";"0";"17";"0";"11100";"85.2";"5.1";"1.5"
"Neighborhood (UHF 42)";"305";"Upper East Side";"3";"2005";"256";"0";"8";"1";"5";"1";"4800";"53.4";"1.7";"1"
"Neighborhood (UHF 42)";"303";"East Harlem";"3";"2014";"66";"0";"7";"1";"4";"1";"3800";"17.5";"1.9";"1.1"
"Neighborhood (UHF 42)";"405";"Ridgewood - Forest Hills";"4";"2007";"652";"0";"47";"0";"21";"0";"8100";"80.4";"5.8";"2.6"
"Neighborhood (UHF 42)";"209";"Bensonhurst - Bay Ridge";"2";"2009";"281";"0";"34";"0";"19";"0";"6600";"42.3";"5.1";"2.9"
"Neighborhood (UHF 42)";"206";"Borough Park";"2";"2007";"1566";"0";"138";"0";"57";"0";"12000";"130.2";"11.5";"4.7"
"Neighborhood (UHF 42)";"402";"West Queens";"4";"2014";"473";"0";"74";"0";"17";"0";"22400";"21.1";"3.3";"0.8"
"Neighborhood (UHF 42)";"204";"East New York";"2";"2008";"742";"0";"68";"0";"24";"0";"10800";"68.5";"6.3";"2.2"
"Neighborhood (UHF 42)";"407";"Southwest Queens";"4";"2005";"1213";"0";"123";"0";"39";"0";"10400";"116.9";"11.9";"3.8"
"Neighborhood (UHF 42)";"404";"Bayside - Little Neck";"4";"2011";"29";"0";"3";"1";"1";"1";"2200";"13.2";"1.4";"0.5"
"Neighborhood (UHF 42)";"305";"Upper East Side";"3";"2007";"243";"0";"13";"0";"2";"1";"4800";"50.6";"2.7";"0.4"
"Neighborhood (UHF 42)";"204";"East New York";"2";"2011";"426";"0";"49";"0";"15";"0";"11200";"38.2";"4.4";"1.3"
"Neighborhood (UHF 42)";"211";"Williamsburg - Bushwick";"2";"2007";"1432";"0";"112";"0";"41";"0";"11400";"125.8";"9.8";"3.6"
"Neighborhood (UHF 42)";"104";"Pelham - Throgs Neck";"1";"2013";"201";"0";"31";"0";"11";"1";"11700";"17.2";"2.6";"0.9"
"Neighborhood (UHF 42)";"310";"Lower Manhattan";"3";"2013";"11";"0";"3";"1";"2";"1";"1600";"6.9";"1.9";"1.2"
"Neighborhood (UHF 42)";"103";"Fordham - Bronx Pk";"1";"2013";"309";"0";"57";"0";"23";"0";"12800";"24.2";"4.5";"1.8"
"Neighborhood (UHF 42)";"502";"Stapleton - St. George";"5";"2016";"80";"0";"15";"0";"6";"1";"4200";"19";"3.6";"1.4"
"Neighborhood (UHF 42)";"305";"Upper East Side";"3";"2012";"51";"0";"4";"1";"3";"1";"4800";"10.7";"0.8";"0.6"
"Neighborhood (UHF 42)";"105";"Crotona -Tremont";"1";"2005";"1534";"0";"136";"0";"37";"0";"11300";"135.5";"12";"3.3"
"Neighborhood (UHF 42)";"502";"Stapleton - St. George";"5";"2006";"405";"0";"47";"0";"19";"0";"4700";"85.8";"10";"4"
"Neighborhood (UHF 42)";"206";"Borough Park";"2";"2012";"887";"0";"102";"0";"33";"0";"16900";"52.6";"6";"2"
"Neighborhood (UHF 42)";"107";"Hunts Point - Mott Haven";"1";"2011";"227";"0";"25";"0";"11";"1";"8500";"26.6";"2.9";"1.3"
"Neighborhood (UHF 42)";"401";"Long Island City - Astoria";"4";"2012";"162";"0";"18";"0";"7";"1";"6900";"23.4";"2.6";"1"
"Neighborhood (UHF 42)";"103";"Fordham - Bronx Pk";"1";"2015";"217";"0";"31";"0";"15";"0";"12400";"17.4";"2.5";"1.2"
"Neighborhood (UHF 42)";"101";"Kingsbridge - Riverdale";"1";"2008";"147";"0";"3";"1";"1";"1";"3200";"45.7";"0.9";"0.3"
"Neighborhood (UHF 42)";"503";"Willowbrook";"5";"2008";"55";"0";"1";"1";"1";"1";"2600";"20.9";"0.4";"0.4"
"Neighborhood (UHF 42)";"305";"Upper East Side";"3";"2011";"65";"0";"11";"1";"5";"1";"5000";"13.1";"2.2";"1"
"Neighborhood (UHF 42)";"103";"Fordham - Bronx Pk";"1";"2007";"1288";"0";"90";"0";"29";"0";"13300";"97";"6.8";"2.2"
"Neighborhood (UHF 42)";"107";"Hunts Point - Mott Haven";"1";"2005";"1085";"0";"56";"0";"16";"0";"7500";"144.5";"7.5";"2.1"
"Neighborhood (UHF 42)";"404";"Bayside - Little Neck";"4";"2010";"52";"0";"4";"1";"1";"1";"2200";"24";"1.8";"0.5"
"Neighborhood (UHF 42)";"208";"Canarsie - Flatlands";"2";"2010";"262";"0";"25";"0";"5";"1";"8000";"32.8";"3.1";"0.6"
"Neighborhood (UHF 42)";"404";"Bayside - Little Neck";"4";"2013";"13";"0";"1";"1";"0";"1";"2200";"5.9";"0.5";"0"
"Neighborhood (UHF 42)";"502";"Stapleton - St. George";"5";"2007";"414";"0";"40";"0";"14";"0";"5000";"82.9";"8";"2.8"
"Neighborhood (UHF 42)";"105";"Crotona -Tremont";"1";"2012";"260";"0";"29";"0";"15";"0";"11400";"22.8";"2.5";"1.3"
"Neighborhood (UHF 42)";"410";"Rockaways";"4";"2011";"128";"0";"13";"0";"6";"1";"5400";"23.7";"2.4";"1.1"
"Neighborhood (UHF 42)";"209";"Bensonhurst - Bay Ridge";"2";"2006";"530";"0";"42";"0";"12";"0";"6200";"85.2";"6.8";"1.9"
"Neighborhood (UHF 42)";"401";"Long Island City - Astoria";"4";"2007";"628";"0";"47";"0";"19";"0";"7000";"89.9";"6.7";"2.7"
"Neighborhood (UHF 42)";"107";"Hunts Point - Mott Haven";"1";"2012";"148";"0";"17";"0";"4";"1";"8200";"18";"2.1";"0.5"
"Neighborhood (UHF 42)";"304";"Upper West Side";"3";"2009";"180";"0";"13";"0";"3";"1";"5500";"32.9";"2.4";"0.5"
"Neighborhood (UHF 42)";"403";"Flushing - Clearview";"4";"2010";"241";"0";"23";"0";"7";"1";"8400";"28.7";"2.7";"0.8"
"Neighborhood (UHF 42)";"402";"West Queens";"4";"2012";"529";"0";"93";"0";"40";"0";"23400";"22.6";"4";"1.7"
"Neighborhood (UHF 42)";"307";"Gramercy Park - Murray Hill";"3";"2005";"153";"0";"12";"0";"1";"1";"1800";"85.7";"6.7";"0.6"
"Neighborhood (UHF 42)";"402";"West Queens";"4";"2010";"994";"0";"151";"0";"67";"0";"23200";"42.8";"6.5";"2.9"
"Neighborhood (UHF 42)";"201";"Greenpoint";"2";"2016";"216";"0";"29";"0";"8";"1";"4200";"51.9";"7";"1.9"
"Neighborhood (UHF 42)";"104";"Pelham - Throgs Neck";"1";"2006";"1251";"0";"62";"0";"16";"0";"11600";"108.2";"5.4";"1.4"
"Neighborhood (UHF 42)";"301";"Washington Heights";"3";"2009";"342";"0";"38";"0";"15";"0";"10900";"31.5";"3.5";"1.4"
"Neighborhood (UHF 42)";"106";"High Bridge - Morrisania";"1";"2009";"502";"0";"52";"0";"19";"0";"12400";"40.6";"4.2";"1.5"
"Neighborhood (UHF 42)";"501";"Port Richmond";"5";"2016";"65";"0";"10";"1";"2";"1";"2900";"22.6";"3.5";"0.7"
"Neighborhood (UHF 42)";"403";"Flushing - Clearview";"4";"2007";"424";"0";"21";"0";"8";"1";"7400";"57.6";"2.9";"1.1"
"Neighborhood (UHF 42)";"503";"Willowbrook";"5";"2009";"65";"0";"11";"1";"3";"1";"2600";"25.1";"4.3";"1.2"
"Neighborhood (UHF 42)";"101";"Kingsbridge - Riverdale";"1";"2009";"85";"0";"7";"1";"1";"1";"3300";"25.5";"2.1";"0.3"
"Neighborhood (UHF 42)";"107";"Hunts Point - Mott Haven";"1";"2016";"81";"0";"17";"0";"9";"1";"6700";"12.1";"2.5";"1.3"
"Neighborhood (UHF 42)";"107";"Hunts Point - Mott Haven";"1";"2013";"155";"0";"19";"0";"5";"1";"7700";"20.1";"2.5";"0.6"
"Citywide";"1";"New York City";"";"2010";"13951";"0";"1574";"0";"566";"0";"340900";"40.9";"4.6";"1.7"
"Neighborhood (UHF 42)";"309";"Union Square - Lower East Side";"3";"2011";"129";"0";"5";"1";"0";"1";"4900";"26.1";"1";"0"
"Neighborhood (UHF 42)";"103";"Fordham - Bronx Pk";"1";"2005";"1697";"0";"132";"0";"36";"0";"13000";"130.5";"10.1";"2.8"
"Neighborhood (UHF 42)";"308";"Greenwich Village - SoHo";"3";"2014";"37";"0";"7";"1";"1";"1";"1300";"28.1";"5.3";"0.8"
"Neighborhood (UHF 42)";"104";"Pelham - Throgs Neck";"1";"2016";"188";"0";"26";"0";"7";"1";"11100";"16.9";"2.3";"0.6"
"Neighborhood (UHF 42)";"302";"Central Harlem - Morningside Heights";"3";"2013";"121";"0";"9";"1";"2";"1";"5900";"20.4";"1.5";"0.3"
"Neighborhood (UHF 42)";"504";"South Beach - Tottenville";"5";"2007";"187";"0";"12";"0";"3";"1";"5300";"35.2";"2.3";"0.6"
"Neighborhood (UHF 42)";"104";"Pelham - Throgs Neck";"1";"2007";"992";"0";"73";"0";"25";"0";"11700";"84.6";"6.2";"2.1"
"Citywide";"1";"New York City";"";"2009";"15224";"0";"1565";"0";"565";"0";"331800";"45.9";"4.7";"1.7"
"Neighborhood (UHF 42)";"208";"Canarsie - Flatlands";"2";"2005";"701";"0";"46";"0";"17";"0";"7400";"94.9";"6.2";"2.3"
"Neighborhood (UHF 42)";"309";"Union Square - Lower East Side";"3";"2006";"550";"0";"23";"0";"9";"1";"5000";"110.6";"4.6";"1.8"
"Neighborhood (UHF 42)";"307";"Gramercy Park - Murray Hill";"3";"2006";"154";"0";"10";"1";"4";"1";"2000";"78.9";"5.1";"2.1"
"Neighborhood (UHF 42)";"205";"Sunset Park";"2";"2013";"183";"0";"20";"0";"7";"1";"9000";"20.3";"2.2";"0.8"
"Neighborhood (UHF 42)";"308";"Greenwich Village - SoHo";"3";"2006";"190";"0";"7";"1";"2";"1";"1500";"129.9";"4.8";"1.4"
"Neighborhood (UHF 42)";"101";"Kingsbridge - Riverdale";"1";"2007";"243";"0";"13";"0";"4";"1";"3200";"76.6";"4.1";"1.3"
"Neighborhood (UHF 42)";"202";"Downtown - Heights - Slope";"2";"2006";"770";"0";"74";"0";"25";"0";"6600";"117.2";"11.3";"3.8"
"Neighborhood (UHF 42)";"402";"West Queens";"4";"2011";"764";"0";"118";"0";"44";"0";"23400";"32.6";"5";"1.9"
"Neighborhood (UHF 42)";"503";"Willowbrook";"5";"2007";"88";"0";"4";"1";"1";"1";"2600";"33.5";"1.5";"0.4"
"Neighborhood (UHF 42)";"406";"Fresh Meadows";"4";"2006";"218";"0";"15";"0";"4";"1";"3400";"63.4";"4.4";"1.2"
"Neighborhood (UHF 42)";"210";"Coney Island - Sheepshead Bay";"2";"2014";"262";"0";"42";"0";"19";"0";"10600";"24.6";"3.9";"1.8"
"Neighborhood (UHF 42)";"407";"Southwest Queens";"4";"2016";"216";"0";"41";"0";"17";"0";"11000";"19.7";"3.7";"1.5"
"Neighborhood (UHF 42)";"402";"West Queens";"4";"2008";"1448";"0";"152";"0";"53";"0";"23100";"62.6";"6.6";"2.3"
"Neighborhood (UHF 42)";"305";"Upper East Side";"3";"2016";"14";"0";"0";"1";"0";"1";"3900";"3.6";"0";"0"
"Neighborhood (UHF 42)";"210";"Coney Island - Sheepshead Bay";"2";"2008";"597";"0";"66";"0";"21";"0";"9400";"63.7";"7";"2.2"
"Neighborhood (UHF 42)";"201";"Greenpoint";"2";"2009";"597";"0";"72";"0";"19";"0";"4900";"121.1";"14.6";"3.9"
"Neighborhood (UHF 42)";"205";"Sunset Park";"2";"2014";"161";"0";"17";"0";"8";"1";"9200";"17.5";"1.9";"0.9"
"Neighborhood (UHF 42)";"501";"Port Richmond";"5";"2007";"337";"0";"33";"0";"17";"0";"3400";"99.5";"9.7";"5"
"Neighborhood (UHF 42)";"406";"Fresh Meadows";"4";"2009";"131";"0";"9";"1";"2";"1";"3800";"34.2";"2.4";"0.5"
"Neighborhood (UHF 42)";"102";"Northeast Bronx";"1";"2012";"130";"0";"23";"0";"12";"0";"6600";"19.7";"3.5";"1.8"
"Neighborhood (UHF 42)";"101";"Kingsbridge - Riverdale";"1";"2005";"198";"0";"22";"0";"4";"1";"2800";"71.9";"8";"1.5"
"Neighborhood (UHF 42)";"302";"Central Harlem - Morningside Heights";"3";"2005";"892";"0";"60";"0";"16";"0";"6100";"146.2";"9.8";"2.6"
"Neighborhood (UHF 42)";"404";"Bayside - Little Neck";"4";"2015";"10";"0";"1";"1";"1";"1";"2200";"4.6";"0.5";"0.5"
"Neighborhood (UHF 42)";"310";"Lower Manhattan";"3";"2016";"5";"0";"1";"1";"1";"1";"1600";"3.1";"0.6";"0.6"
"Neighborhood (UHF 42)";"103";"Fordham - Bronx Pk";"1";"2014";"281";"0";"48";"0";"18";"0";"12700";"22.2";"3.8";"1.4"
"Neighborhood (UHF 42)";"407";"Southwest Queens";"4";"2010";"459";"0";"57";"0";"29";"0";"11700";"39.1";"4.9";"2.5"
"Neighborhood (UHF 42)";"204";"East New York";"2";"2006";"1595";"0";"167";"0";"48";"0";"10400";"153.8";"16.1";"4.6"
"Neighborhood (UHF 42)";"211";"Williamsburg - Bushwick";"2";"2012";"417";"0";"50";"0";"17";"0";"11200";"37.2";"4.5";"1.5"
"Neighborhood (UHF 42)";"406";"Fresh Meadows";"4";"2010";"93";"0";"11";"1";"4";"1";"3900";"24";"2.8";"1"
"Neighborhood (UHF 42)";"403";"Flushing - Clearview";"4";"2014";"119";"0";"17";"0";"4";"1";"8800";"13.5";"1.9";"0.5"
"Neighborhood (UHF 42)";"405";"Ridgewood - Forest Hills";"4";"2016";"126";"0";"21";"0";"8";"1";"9200";"13.7";"2.3";"0.9"
"Neighborhood (UHF 42)";"302";"Central Harlem - Morningside Heights";"3";"2010";"249";"0";"22";"0";"6";"1";"6300";"39.6";"3.5";"1"
"Neighborhood (UHF 42)";"106";"High Bridge - Morrisania";"1";"2005";"1544";"0";"112";"0";"33";"0";"11100";"138.6";"10.1";"3"
"Neighborhood (UHF 42)";"204";"East New York";"2";"2009";"504";"0";"57";"0";"23";"0";"11200";"45";"5.1";"2.1"
"Neighborhood (UHF 42)";"303";"East Harlem";"3";"2012";"63";"0";"7";"1";"3";"1";"4200";"15.1";"1.7";"0.7"
"Neighborhood (UHF 42)";"207";"East Flatbush - Flatbush";"2";"2016";"236";"0";"37";"0";"13";"0";"10700";"22.1";"3.5";"1.2"
"Neighborhood (UHF 42)";"301";"Washington Heights";"3";"2013";"163";"0";"24";"0";"9";"1";"9900";"16.4";"2.4";"0.9"
"Neighborhood (UHF 42)";"409";"Southeast Queens";"4";"2007";"479";"0";"30";"0";"6";"1";"6200";"77.6";"4.9";"1"
"Neighborhood (UHF 42)";"207";"East Flatbush - Flatbush";"2";"2006";"2121";"0";"173";"0";"62";"0";"13900";"153";"12.5";"4.5"
"Neighborhood (UHF 42)";"304";"Upper West Side";"3";"2013";"62";"0";"4";"1";"2";"1";"4900";"12.6";"0.8";"0.4"
"Neighborhood (UHF 42)";"209";"Bensonhurst - Bay Ridge";"2";"2010";"284";"0";"52";"0";"17";"0";"7100";"40.1";"7.3";"2.4"
"Neighborhood (UHF 42)";"208";"Canarsie - Flatlands";"2";"2011";"192";"0";"11";"1";"3";"1";"7900";"24.2";"1.4";"0.4"
"Neighborhood (UHF 42)";"105";"Crotona -Tremont";"1";"2015";"163";"0";"24";"0";"10";"1";"10800";"15.1";"2.2";"0.9"
"Neighborhood (UHF 42)";"307";"Gramercy Park - Murray Hill";"3";"2007";"151";"0";"7";"1";"0";"1";"1900";"79.2";"3.7";"0"
"Neighborhood (UHF 42)";"103";"Fordham - Bronx Pk";"1";"2009";"647";"0";"74";"0";"31";"0";"13900";"46.5";"5.3";"2.2"
"Neighborhood (UHF 42)";"202";"Downtown - Heights - Slope";"2";"2014";"144";"0";"18";"0";"3";"1";"7400";"19.5";"2.4";"0.4"
"Citywide";"1";"New York City";"";"2012";"8179";"0";"1053";"0";"392";"0";"328600";"24.9";"3.2";"1.2"
"Neighborhood (UHF 42)";"303";"East Harlem";"3";"2006";"762";"0";"22";"0";"8";"1";"4900";"154.2";"4.5";"1.6"
"Neighborhood (UHF 42)";"310";"Lower Manhattan";"3";"2010";"40";"0";"3";"1";"2";"1";"1600";"25.2";"1.9";"1.3"
"Neighborhood (UHF 42)";"309";"Union Square - Lower East Side";"3";"2016";"30";"0";"3";"1";"2";"1";"3500";"8.7";"0.9";"0.6"
"Neighborhood (UHF 42)";"404";"Bayside - Little Neck";"4";"2008";"65";"0";"5";"1";"0";"1";"2200";"29.8";"2.3";"0"
"Neighborhood (UHF 42)";"504";"South Beach - Tottenville";"5";"2016";"28";"0";"7";"1";"2";"1";"3700";"7.6";"1.9";"0.5"
"Neighborhood (UHF 42)";"406";"Fresh Meadows";"4";"2016";"29";"0";"1";"1";"1";"1";"3800";"7.7";"0.3";"0.3"
"Neighborhood (UHF 42)";"205";"Sunset Park";"2";"2007";"662";"0";"47";"0";"15";"0";"6700";"98.3";"7";"2.2"
"Neighborhood (UHF 42)";"403";"Flushing - Clearview";"4";"2009";"239";"0";"23";"0";"9";"1";"8200";"29.3";"2.8";"1.1"
"Neighborhood (UHF 42)";"504";"South Beach - Tottenville";"5";"2005";"167";"0";"15";"0";"4";"1";"5000";"33.3";"3";"0.8"
"Neighborhood (UHF 42)";"209";"Bensonhurst - Bay Ridge";"2";"2012";"163";"0";"34";"0";"10";"1";"6900";"23.5";"4.9";"1.4"
"Neighborhood (UHF 42)";"304";"Upper West Side";"3";"2006";"422";"0";"16";"0";"6";"1";"5500";"76.6";"2.9";"1.1"
"Neighborhood (UHF 42)";"306";"Chelsea - Clinton";"3";"2012";"37";"0";"4";"1";"1";"1";"2100";"17.4";"1.9";"0.5"
"Neighborhood (UHF 42)";"309";"Union Square - Lower East Side";"3";"2010";"172";"0";"15";"0";"4";"1";"4900";"34.8";"3";"0.8"
"Neighborhood (UHF 42)";"107";"Hunts Point - Mott Haven";"1";"2008";"484";"0";"30";"0";"15";"0";"8300";"58.5";"3.6";"1.8"
"Neighborhood (UHF 42)";"502";"Stapleton - St. George";"5";"2013";"102";"0";"14";"0";"4";"1";"4800";"21.2";"2.9";"0.8"
"Neighborhood (UHF 42)";"308";"Greenwich Village - SoHo";"3";"2013";"37";"0";"3";"1";"1";"1";"1500";"24.6";"2";"0.7"
"Neighborhood (UHF 42)";"309";"Union Square - Lower East Side";"3";"2012";"82";"0";"11";"1";"5";"1";"4600";"17.9";"2.4";"1.1"
"Neighborhood (UHF 42)";"302";"Central Harlem - Morningside Heights";"3";"2006";"776";"0";"42";"0";"15";"0";"6300";"124";"6.7";"2.4"
"Neighborhood (UHF 42)";"303";"East Harlem";"3";"2008";"271";"0";"21";"0";"5";"1";"4600";"58.9";"4.6";"1.1"
"Neighborhood (UHF 42)";"209";"Bensonhurst - Bay Ridge";"2";"2014";"167";"0";"35";"0";"11";"1";"7300";"22.8";"4.8";"1.5"
"Neighborhood (UHF 42)";"309";"Union Square - Lower East Side";"3";"2014";"59";"0";"8";"1";"2";"1";"3900";"15.1";"2";"0.5"
"Neighborhood (UHF 42)";"403";"Flushing - Clearview";"4";"2013";"111";"0";"15";"0";"3";"1";"8700";"12.8";"1.7";"0.3"
"Neighborhood (UHF 42)";"306";"Chelsea - Clinton";"3";"2015";"13";"0";"2";"1";"2";"1";"1900";"6.7";"1";"1"
"Neighborhood (UHF 42)";"504";"South Beach - Tottenville";"5";"2012";"24";"0";"2";"1";"0";"1";"4100";"5.9";"0.5";"0"
"Neighborhood (UHF 42)";"502";"Stapleton - St. George";"5";"2012";"97";"0";"19";"0";"7";"1";"4800";"20.1";"3.9";"1.5"
"Neighborhood (UHF 42)";"310";"Lower Manhattan";"3";"2006";"66";"0";"5";"1";"1";"1";"800";"80.5";"6.1";"1.2"
"Neighborhood (UHF 42)";"308";"Greenwich Village - SoHo";"3";"2005";"209";"0";"13";"0";"3";"1";"1400";"150.5";"9.4";"2.2"
"Neighborhood (UHF 42)";"104";"Pelham - Throgs Neck";"1";"2009";"457";"0";"34";"0";"11";"1";"12200";"37.4";"2.8";"0.9"
"Neighborhood (UHF 42)";"503";"Willowbrook";"5";"2010";"37";"0";"5";"1";"0";"1";"2600";"14.1";"1.9";"0"
"Neighborhood (UHF 42)";"408";"Jamaica";"4";"2005";"1331";"0";"128";"0";"49";"0";"12300";"108.2";"10.4";"4"
"Neighborhood (UHF 42)";"401";"Long Island City - Astoria";"4";"2006";"681";"0";"70";"0";"36";"0";"7000";"97.8";"10.1";"5.2"
"Neighborhood (UHF 42)";"206";"Borough Park";"2";"2011";"1061";"0";"121";"0";"35";"0";"17000";"62.4";"7.1";"2.1"
"Neighborhood (UHF 42)";"303";"East Harlem";"3";"2013";"60";"0";"10";"1";"7";"1";"3900";"15.2";"2.5";"1.8"
"Neighborhood (UHF 42)";"106";"High Bridge - Morrisania";"1";"2014";"222";"0";"33";"0";"10";"1";"11500";"19.3";"2.9";"0.9"
"Neighborhood (UHF 42)";"210";"Coney Island - Sheepshead Bay";"2";"2007";"863";"0";"71";"0";"28";"0";"9100";"95.3";"7.8";"3.1"
"Neighborhood (UHF 42)";"101";"Kingsbridge - Riverdale";"1";"2011";"61";"0";"7";"1";"2";"1";"3400";"18.1";"2.1";"0.6"
"Neighborhood (UHF 42)";"401";"Long Island City - Astoria";"4";"2015";"115";"0";"16";"0";"6";"1";"6800";"16.9";"2.4";"0.9"
"Neighborhood (UHF 42)";"106";"High Bridge - Morrisania";"1";"2010";"516";"0";"54";"0";"23";"0";"12300";"42";"4.4";"1.9"
"Neighborhood (UHF 42)";"208";"Canarsie - Flatlands";"2";"2015";"84";"0";"13";"0";"2";"1";"7200";"11.7";"1.8";"0.3"
"Neighborhood (UHF 42)";"402";"West Queens";"4";"2006";"2336";"0";"206";"0";"80";"0";"21200";"110.1";"9.7";"3.8"
"Neighborhood (UHF 42)";"301";"Washington Heights";"3";"2014";"144";"0";"22";"0";"6";"1";"9500";"15.1";"2.3";"0.6"
"Neighborhood (UHF 42)";"308";"Greenwich Village - SoHo";"3";"2015";"28";"0";"0";"1";"0";"1";"1500";"19.2";"0";"0"
"Neighborhood (UHF 42)";"404";"Bayside - Little Neck";"4";"2009";"63";"0";"7";"1";"2";"1";"2200";"28.6";"3.2";"0.9"
"Neighborhood (UHF 42)";"302";"Central Harlem - Morningside Heights";"3";"2007";"617";"0";"42";"0";"13";"0";"6200";"98.9";"6.7";"2.1"
"Neighborhood (UHF 42)";"504";"South Beach - Tottenville";"5";"2006";"182";"0";"16";"0";"3";"1";"5200";"35.3";"3.1";"0.6"
"Neighborhood (UHF 42)";"405";"Ridgewood - Forest Hills";"4";"2008";"474";"0";"42";"0";"11";"1";"8800";"53.7";"4.8";"1.2"
"Neighborhood (UHF 42)";"408";"Jamaica";"4";"2006";"1146";"0";"120";"0";"40";"0";"12300";"93";"9.7";"3.2"
"Neighborhood (UHF 42)";"101";"Kingsbridge - Riverdale";"1";"2013";"30";"0";"4";"1";"0";"1";"3300";"9";"1.2";"0"
"Neighborhood (UHF 42)";"207";"East Flatbush - Flatbush";"2";"2015";"264";"0";"37";"0";"10";"1";"11500";"23";"3.2";"0.9"
"Neighborhood (UHF 42)";"103";"Fordham - Bronx Pk";"1";"2012";"348";"0";"52";"0";"22";"0";"12900";"27";"4";"1.7"
"Neighborhood (UHF 42)";"104";"Pelham - Throgs Neck";"1";"2010";"405";"0";"53";"0";"17";"0";"12300";"32.8";"4.3";"1.4"
"Neighborhood (UHF 42)";"301";"Washington Heights";"3";"2012";"179";"0";"24";"0";"13";"0";"10600";"16.9";"2.3";"1.2"
"Neighborhood (UHF 42)";"306";"Chelsea - Clinton";"3";"2014";"24";"0";"1";"1";"0";"1";"1700";"14.4";"0.6";"0"
"Citywide";"1";"New York City";"";"2013";"7204";"0";"910";"0";"325";"0";"322900";"22.3";"2.8";"1"
"Neighborhood (UHF 42)";"401";"Long Island City - Astoria";"4";"2009";"291";"0";"24";"0";"12";"0";"6900";"42";"3.5";"1.7"
"Neighborhood (UHF 42)";"407";"Southwest Queens";"4";"2014";"238";"0";"51";"0";"25";"0";"11000";"21.6";"4.6";"2.3"
"Neighborhood (UHF 42)";"202";"Downtown - Heights - Slope";"2";"2011";"311";"0";"31";"0";"3";"1";"8300";"37.5";"3.7";"0.4"
"Neighborhood (UHF 42)";"307";"Gramercy Park - Murray Hill";"3";"2015";"15";"0";"5";"1";"0";"1";"1900";"8.1";"2.7";"0"
"Neighborhood (UHF 42)";"402";"West Queens";"4";"2013";"459";"0";"72";"0";"21";"0";"22900";"20.1";"3.1";"0.9"
"Citywide";"1";"New York City";"";"2016";"4928";"0";"822";"0";"300";"0";"299000";"16.5";"2.7";"1"
"Neighborhood (UHF 42)";"304";"Upper West Side";"3";"2014";"54";"0";"4";"1";"0";"1";"4500";"11.9";"0.9";"0"
"Neighborhood (UHF 42)";"409";"Southeast Queens";"4";"2013";"95";"0";"18";"0";"8";"1";"6100";"15.7";"3";"1.3"
"Neighborhood (UHF 42)";"209";"Bensonhurst - Bay Ridge";"2";"2007";"437";"0";"35";"0";"12";"0";"6200";"70.2";"5.6";"1.9"
"Neighborhood (UHF 42)";"204";"East New York";"2";"2016";"158";"0";"24";"0";"3";"1";"9700";"16.3";"2.5";"0.3"
"Neighborhood (UHF 42)";"309";"Union Square - Lower East Side";"3";"2015";"41";"0";"6";"1";"1";"1";"3800";"10.8";"1.6";"0.3"
"Neighborhood (UHF 42)";"309";"Union Square - Lower East Side";"3";"2013";"59";"0";"8";"1";"2";"1";"4200";"13.9";"1.9";"0.5"
"Neighborhood (UHF 42)";"202";"Downtown - Heights - Slope";"2";"2008";"476";"0";"40";"0";"12";"0";"7100";"67.3";"5.7";"1.7"
"Citywide";"1";"New York City";"";"2007";"30493";"0";"2282";"0";"745";"0";"318200";"95.8";"7.2";"2.3"
"Neighborhood (UHF 42)";"102";"Northeast Bronx";"1";"2009";"274";"0";"27";"0";"12";"0";"7500";"36.5";"3.6";"1.6"
"Neighborhood (UHF 42)";"102";"Northeast Bronx";"1";"2013";"121";"0";"21";"0";"8";"1";"6500";"18.6";"3.2";"1.2"
"Neighborhood (UHF 42)";"205";"Sunset Park";"2";"2015";"139";"0";"21";"0";"6";"1";"9600";"14.5";"2.2";"0.6"
"Neighborhood (UHF 42)";"404";"Bayside - Little Neck";"4";"2016";"13";"0";"1";"1";"0";"1";"2200";"5.8";"0.4";"0"
"Neighborhood (UHF 42)";"207";"East Flatbush - Flatbush";"2";"2009";"799";"0";"80";"0";"26";"0";"14000";"56.9";"5.7";"1.9"
"Neighborhood (UHF 42)";"408";"Jamaica";"4";"2011";"452";"0";"59";"0";"21";"0";"14000";"32.2";"4.2";"1.5"
"Neighborhood (UHF 42)";"207";"East Flatbush - Flatbush";"2";"2012";"450";"0";"35";"0";"13";"0";"13400";"33.6";"2.6";"1"
"Neighborhood (UHF 42)";"206";"Borough Park";"2";"2016";"575";"0";"86";"0";"33";"0";"16400";"35";"5.2";"2"
"Neighborhood (UHF 42)";"306";"Chelsea - Clinton";"3";"2010";"48";"0";"4";"1";"1";"1";"2200";"21.6";"1.8";"0.5"
"Neighborhood (UHF 42)";"307";"Gramercy Park - Murray Hill";"3";"2014";"13";"0";"4";"1";"0";"1";"1800";"7.4";"2.3";"0"
"Neighborhood (UHF 42)";"406";"Fresh Meadows";"4";"2011";"67";"0";"4";"1";"1";"1";"4000";"16.8";"1";"0.3"
"Neighborhood (UHF 42)";"211";"Williamsburg - Bushwick";"2";"2005";"2072";"0";"178";"0";"70";"0";"11600";"178.3";"15.3";"6"
"Neighborhood (UHF 42)";"406";"Fresh Meadows";"4";"2014";"45";"0";"7";"1";"5";"1";"4200";"10.8";"1.7";"1.2"
"Neighborhood (UHF 42)";"410";"Rockaways";"4";"2014";"88";"0";"12";"0";"5";"1";"4900";"18";"2.4";"1"
"Neighborhood (UHF 42)";"101";"Kingsbridge - Riverdale";"1";"2016";"23";"0";"5";"1";"1";"1";"2500";"9";"2";"0.4"
"Neighborhood (UHF 42)";"210";"Coney Island - Sheepshead Bay";"2";"2011";"452";"0";"60";"0";"20";"0";"11000";"41.1";"5.5";"1.8"
"Neighborhood (UHF 42)";"207";"East Flatbush - Flatbush";"2";"2008";"1094";"0";"94";"0";"32";"0";"13800";"79.1";"6.8";"2.3"
"Citywide";"1";"New York City";"";"2006";"34629";"0";"2767";"0";"928";"0";"313900";"110.3";"8.8";"3"
"Neighborhood (UHF 42)";"203";"Bedford Stuyvesant - Crown Heights";"2";"2006";"2442";"0";"217";"0";"81";"0";"15100";"162.3";"14.4";"5.4"
"Neighborhood (UHF 42)";"405";"Ridgewood - Forest Hills";"4";"2011";"288";"0";"35";"0";"14";"0";"9700";"29.6";"3.6";"1.4"
"Neighborhood (UHF 42)";"205";"Sunset Park";"2";"2006";"737";"0";"48";"0";"19";"0";"6300";"117.6";"7.7";"3"
"Neighborhood (UHF 42)";"305";"Upper East Side";"3";"2015";"28";"0";"3";"1";"0";"1";"4200";"6.7";"0.7";"0"
"Neighborhood (UHF 42)";"207";"East Flatbush - Flatbush";"2";"2010";"788";"0";"81";"0";"33";"0";"14600";"54";"5.6";"2.3"
"Neighborhood (UHF 42)";"309";"Union Square - Lower East Side";"3";"2009";"223";"0";"8";"1";"4";"1";"5000";"44.4";"1.6";"0.8"
"Neighborhood (UHF 42)";"203";"Bedford Stuyvesant - Crown Heights";"2";"2015";"265";"0";"47";"0";"21";"0";"13100";"20.2";"3.6";"1.6"
"Neighborhood (UHF 42)";"104";"Pelham - Throgs Neck";"1";"2008";"666";"0";"45";"0";"11";"1";"12100";"54.9";"3.7";"0.9"
"Neighborhood (UHF 42)";"307";"Gramercy Park - Murray Hill";"3";"2012";"27";"0";"3";"1";"1";"1";"2000";"13.3";"1.5";"0.5"
"Neighborhood (UHF 42)";"306";"Chelsea - Clinton";"3";"2007";"186";"0";"16";"0";"3";"1";"2100";"88.2";"7.6";"1.4"
"Neighborhood (UHF 42)";"201";"Greenpoint";"2";"2008";"657";"0";"64";"0";"21";"0";"4800";"138.2";"13.5";"4.4"
"Neighborhood (UHF 42)";"401";"Long Island City - Astoria";"4";"2011";"189";"0";"35";"0";"11";"1";"7000";"27.1";"5";"1.6"
"Neighborhood (UHF 42)";"210";"Coney Island - Sheepshead Bay";"2";"2010";"518";"0";"54";"0";"17";"0";"10500";"49.5";"5.2";"1.6"
"Neighborhood (UHF 42)";"501";"Port Richmond";"5";"2009";"164";"0";"25";"0";"11";"1";"3400";"47.6";"7.3";"3.2"
"Neighborhood (UHF 42)";"201";"Greenpoint";"2";"2005";"869";"0";"71";"0";"22";"0";"5100";"171.1";"14";"4.3"
"Neighborhood (UHF 42)";"202";"Downtown - Heights - Slope";"2";"2012";"217";"0";"25";"0";"6";"1";"7600";"28.4";"3.3";"0.8"
"Neighborhood (UHF 42)";"205";"Sunset Park";"2";"2008";"502";"0";"39";"0";"11";"1";"7500";"66.8";"5.2";"1.5"
"Neighborhood (UHF 42)";"306";"Chelsea - Clinton";"3";"2005";"227";"0";"12";"0";"4";"1";"2200";"104.9";"5.5";"1.8"
"Neighborhood (UHF 42)";"103";"Fordham - Bronx Pk";"1";"2006";"1458";"0";"120";"0";"40";"0";"13300";"109.7";"9";"3"
"Neighborhood (UHF 42)";"501";"Port Richmond";"5";"2014";"100";"0";"16";"0";"2";"1";"3000";"33";"5.3";"0.7"
"Neighborhood (UHF 42)";"406";"Fresh Meadows";"4";"2007";"216";"0";"9";"1";"6";"1";"3500";"61.6";"2.6";"1.7"
"Neighborhood (UHF 42)";"310";"Lower Manhattan";"3";"2005";"94";"0";"5";"1";"1";"1";"800";"111.5";"5.9";"1.2"
"Neighborhood (UHF 42)";"502";"Stapleton - St. George";"5";"2009";"210";"0";"17";"0";"7";"1";"4800";"43.5";"3.5";"1.5"
"Neighborhood (UHF 42)";"501";"Port Richmond";"5";"2015";"56";"0";"7";"1";"4";"1";"2900";"19.3";"2.4";"1.4"
"Neighborhood (UHF 42)";"503";"Willowbrook";"5";"2016";"19";"0";"3";"1";"0";"1";"2200";"8.8";"1.4";"0"
"Neighborhood (UHF 42)";"205";"Sunset Park";"2";"2005";"852";"0";"72";"0";"26";"0";"6700";"126.3";"10.7";"3.9"
"Neighborhood (UHF 42)";"201";"Greenpoint";"2";"2014";"229";"0";"23";"0";"8";"1";"4100";"56.1";"5.6";"2"
"Neighborhood (UHF 42)";"205";"Sunset Park";"2";"2010";"348";"0";"34";"0";"16";"0";"8600";"40.4";"3.9";"1.9"
"Neighborhood (UHF 42)";"202";"Downtown - Heights - Slope";"2";"2015";"132";"0";"22";"0";"4";"1";"7700";"17.2";"2.9";"0.5"
"Neighborhood (UHF 42)";"102";"Northeast Bronx";"1";"2008";"420";"0";"33";"0";"14";"0";"7300";"57.3";"4.5";"1.9"
"Neighborhood (UHF 42)";"208";"Canarsie - Flatlands";"2";"2016";"88";"0";"6";"1";"2";"1";"6900";"12.8";"0.9";"0.3"
"Neighborhood (UHF 42)";"310";"Lower Manhattan";"3";"2011";"20";"0";"1";"1";"1";"1";"1600";"12.3";"0.6";"0.6"
"Neighborhood (UHF 42)";"202";"Downtown - Heights - Slope";"2";"2010";"355";"0";"49";"0";"17";"0";"8200";"43.5";"6";"2.1"
"Neighborhood (UHF 42)";"106";"High Bridge - Morrisania";"1";"2012";"273";"0";"34";"0";"14";"0";"12000";"22.8";"2.8";"1.2"
"Neighborhood (UHF 42)";"203";"Bedford Stuyvesant - Crown Heights";"2";"2016";"243";"0";"34";"0";"12";"0";"12200";"19.9";"2.8";"1"
"Neighborhood (UHF 42)";"301";"Washington Heights";"3";"2008";"625";"0";"63";"0";"23";"0";"11200";"56";"5.6";"2.1"
"Neighborhood (UHF 42)";"107";"Hunts Point - Mott Haven";"1";"2006";"828";"0";"43";"0";"15";"0";"7900";"105";"5.5";"1.9"
"Neighborhood (UHF 42)";"205";"Sunset Park";"2";"2009";"432";"0";"42";"0";"15";"0";"7800";"55.4";"5.4";"1.9"
"Neighborhood (UHF 42)";"204";"East New York";"2";"2013";"239";"0";"32";"0";"12";"0";"10400";"23";"3.1";"1.2"
"Neighborhood (UHF 42)";"409";"Southeast Queens";"4";"2014";"97";"0";"13";"0";"5";"1";"6100";"16";"2.1";"0.8"
"Neighborhood (UHF 42)";"206";"Borough Park";"2";"2015";"591";"0";"85";"0";"25";"0";"17000";"34.8";"5";"1.5"
"Neighborhood (UHF 42)";"401";"Long Island City - Astoria";"4";"2010";"278";"0";"26";"0";"9";"1";"6900";"40";"3.7";"1.3"
"Neighborhood (UHF 42)";"503";"Willowbrook";"5";"2005";"108";"0";"3";"1";"2";"1";"2400";"44.6";"1.2";"0.8"
"Neighborhood (UHF 42)";"408";"Jamaica";"4";"2016";"223";"0";"38";"0";"13";"0";"13100";"17.1";"2.9";"1"
"Neighborhood (UHF 42)";"308";"Greenwich Village - SoHo";"3";"2010";"74";"0";"7";"1";"2";"1";"1700";"42.8";"4.1";"1.2"
"Neighborhood (UHF 42)";"410";"Rockaways";"4";"2016";"50";"0";"7";"1";"1";"1";"4600";"10.8";"1.5";"0.2"
"Neighborhood (UHF 42)";"408";"Jamaica";"4";"2008";"728";"0";"77";"0";"30";"0";"13400";"54.4";"5.8";"2.2"
"Neighborhood (UHF 42)";"407";"Southwest Queens";"4";"2008";"626";"0";"70";"0";"23";"0";"11300";"55.6";"6.2";"2"
"Neighborhood (UHF 42)";"307";"Gramercy Park - Murray Hill";"3";"2010";"51";"0";"7";"1";"2";"1";"2200";"23.5";"3.2";"0.9"
"Neighborhood (UHF 42)";"502";"Stapleton - St. George";"5";"2008";"258";"0";"36";"0";"12";"0";"5000";"51.9";"7.2";"2.4"
"Neighborhood (UHF 42)";"203";"Bedford Stuyvesant - Crown Heights";"2";"2009";"834";"0";"72";"0";"26";"0";"15900";"52.5";"4.5";"1.6"
"Neighborhood (UHF 42)";"302";"Central Harlem - Morningside Heights";"3";"2009";"289";"0";"32";"0";"8";"1";"6200";"46.6";"5.2";"1.3"
"Neighborhood (UHF 42)";"305";"Upper East Side";"3";"2010";"47";"0";"4";"1";"1";"1";"4900";"9.6";"0.8";"0.2"
"Neighborhood (UHF 42)";"203";"Bedford Stuyvesant - Crown Heights";"2";"2012";"477";"0";"69";"0";"22";"0";"14800";"32.1";"4.7";"1.5"
"Neighborhood (UHF 42)";"302";"Central Harlem - Morningside Heights";"3";"2014";"88";"0";"9";"1";"6";"1";"5500";"16";"1.6";"1.1"
"Neighborhood (UHF 42)";"103";"Fordham - Bronx Pk";"1";"2010";"629";"0";"76";"0";"21";"0";"13900";"45.1";"5.5";"1.5"
"Neighborhood (UHF 42)";"403";"Flushing - Clearview";"4";"2015";"108";"0";"15";"0";"7";"1";"9400";"11.5";"1.6";"0.7"
"Neighborhood (UHF 42)";"204";"East New York";"2";"2010";"434";"0";"50";"0";"21";"0";"11200";"38.8";"4.5";"1.9"
"Neighborhood (UHF 42)";"501";"Port Richmond";"5";"2006";"293";"0";"34";"0";"11";"1";"3300";"89.3";"10.4";"3.4"
"Neighborhood (UHF 42)";"409";"Southeast Queens";"4";"2008";"357";"0";"28";"0";"13";"0";"6500";"55";"4.3";"2"
"Neighborhood (UHF 42)";"211";"Williamsburg - Bushwick";"2";"2008";"925";"0";"84";"0";"30";"0";"11700";"79.4";"7.2";"2.6"
"Neighborhood (UHF 42)";"405";"Ridgewood - Forest Hills";"4";"2014";"167";"0";"23";"0";"6";"1";"9500";"17.6";"2.4";"0.6"
"Neighborhood (UHF 42)";"207";"East Flatbush - Flatbush";"2";"2014";"304";"0";"38";"0";"11";"1";"12200";"25";"3.1";"0.9"
"Neighborhood (UHF 42)";"102";"Northeast Bronx";"1";"2005";"826";"0";"51";"0";"17";"0";"6800";"121.6";"7.5";"2.5"
"Neighborhood (UHF 42)";"309";"Union Square - Lower East Side";"3";"2005";"643";"0";"33";"0";"12";"0";"4900";"130.5";"6.7";"2.4"
"Neighborhood (UHF 42)";"206";"Borough Park";"2";"2005";"1537";"0";"156";"0";"59";"0";"12000";"127.9";"13";"4.9"
"Neighborhood (UHF 42)";"211";"Williamsburg - Bushwick";"2";"2011";"530";"0";"65";"0";"21";"0";"12000";"44";"5.4";"1.7"
"Neighborhood (UHF 42)";"409";"Southeast Queens";"4";"2005";"641";"0";"50";"0";"17";"0";"6500";"98.7";"7.7";"2.6"
"Neighborhood (UHF 42)";"301";"Washington Heights";"3";"2016";"73";"0";"19";"0";"6";"1";"8200";"8.9";"2.3";"0.7"
"Neighborhood (UHF 42)";"405";"Ridgewood - Forest Hills";"4";"2013";"154";"0";"17";"0";"4";"1";"9600";"16.1";"1.8";"0.4"
"Neighborhood (UHF 42)";"211";"Williamsburg - Bushwick";"2";"2015";"200";"0";"34";"0";"15";"0";"9200";"21.7";"3.7";"1.6"
"Neighborhood (UHF 42)";"503";"Willowbrook";"5";"2012";"27";"0";"6";"1";"3";"1";"2400";"11.2";"2.5";"1.2"
"Neighborhood (UHF 42)";"203";"Bedford Stuyvesant - Crown Heights";"2";"2013";"357";"0";"52";"0";"17";"0";"14300";"24.9";"3.6";"1.2"
"Neighborhood (UHF 42)";"102";"Northeast Bronx";"1";"2006";"714";"0";"39";"0";"19";"0";"6900";"103.5";"5.7";"2.8"
"Neighborhood (UHF 42)";"105";"Crotona -Tremont";"1";"2010";"435";"0";"40";"0";"11";"1";"11900";"36.5";"3.4";"0.9"
"Neighborhood (UHF 42)";"402";"West Queens";"4";"2015";"361";"0";"65";"0";"19";"0";"21900";"16.5";"3";"0.9"
"Neighborhood (UHF 42)";"403";"Flushing - Clearview";"4";"2016";"74";"0";"12";"0";"4";"1";"9600";"7.7";"1.2";"0.4"
"Neighborhood (UHF 42)";"306";"Chelsea - Clinton";"3";"2011";"41";"0";"4";"1";"3";"1";"2200";"19";"1.9";"1.4"
"Neighborhood (UHF 42)";"504";"South Beach - Tottenville";"5";"2011";"38";"0";"7";"1";"2";"1";"4400";"8.6";"1.6";"0.5"
"Neighborhood (UHF 42)";"104";"Pelham - Throgs Neck";"1";"2012";"193";"0";"24";"0";"11";"1";"12000";"16.1";"2";"0.9"
"Neighborhood (UHF 42)";"501";"Port Richmond";"5";"2010";"146";"0";"20";"0";"6";"1";"3600";"40.8";"5.6";"1.7"
"Neighborhood (UHF 42)";"205";"Sunset Park";"2";"2012";"225";"0";"24";"0";"10";"1";"9100";"24.7";"2.6";"1.1"
"Neighborhood (UHF 42)";"504";"South Beach - Tottenville";"5";"2015";"22";"0";"1";"1";"0";"1";"4200";"5.3";"0.2";"0"
"Neighborhood (UHF 42)";"410";"Rockaways";"4";"2012";"85";"0";"15";"0";"3";"1";"5000";"17.1";"3";"0.6"
"Neighborhood (UHF 42)";"210";"Coney Island - Sheepshead Bay";"2";"2013";"327";"0";"36";"0";"17";"0";"10800";"30.2";"3.3";"1.6"
"Neighborhood (UHF 42)";"209";"Bensonhurst - Bay Ridge";"2";"2013";"169";"0";"29";"0";"9";"1";"7400";"22.7";"3.9";"1.2"
"Neighborhood (UHF 42)";"308";"Greenwich Village - SoHo";"3";"2008";"115";"0";"7";"1";"0";"1";"1500";"78.4";"4.8";"0"
"Neighborhood (UHF 42)";"206";"Borough Park";"2";"2006";"1660";"0";"157";"0";"54";"0";"11900";"139.9";"13.2";"4.6"
"Neighborhood (UHF 42)";"105";"Crotona -Tremont";"1";"2016";"137";"0";"34";"0";"14";"0";"10300";"13.4";"3.3";"1.4"
"Neighborhood (UHF 42)";"403";"Flushing - Clearview";"4";"2008";"312";"0";"24";"0";"11";"1";"8000";"39";"3";"1.4"
"Neighborhood (UHF 42)";"401";"Long Island City - Astoria";"4";"2008";"405";"0";"44";"0";"7";"1";"7200";"56.6";"6.2";"1"
"Neighborhood (UHF 42)";"303";"East Harlem";"3";"2007";"525";"0";"16";"0";"6";"1";"4700";"111.5";"3.4";"1.3"
"Neighborhood (UHF 42)";"402";"West Queens";"4";"2016";"345";"0";"57";"0";"21";"0";"21400";"16.1";"2.7";"1"
"Neighborhood (UHF 42)";"302";"Central Harlem - Morningside Heights";"3";"2008";"425";"0";"29";"0";"11";"1";"6200";"68.8";"4.7";"1.8"
"Neighborhood (UHF 42)";"305";"Upper East Side";"3";"2006";"248";"0";"22";"0";"8";"1";"4600";"53.8";"4.8";"1.7"
"Neighborhood (UHF 42)";"211";"Williamsburg - Bushwick";"2";"2009";"765";"0";"89";"0";"32";"0";"11900";"64.5";"7.5";"2.7"
"Neighborhood (UHF 42)";"202";"Downtown - Heights - Slope";"2";"2013";"159";"0";"15";"0";"8";"1";"7200";"21.9";"2.1";"1.1"
"Neighborhood (UHF 42)";"309";"Union Square - Lower East Side";"3";"2008";"324";"0";"15";"0";"4";"1";"5100";"63.7";"2.9";"0.8"
"Neighborhood (UHF 42)";"309";"Union Square - Lower East Side";"3";"2007";"527";"0";"18";"0";"6";"1";"5000";"106.1";"3.6";"1.2"
"Neighborhood (UHF 42)";"205";"Sunset Park";"2";"2011";"332";"0";"28";"0";"10";"1";"9300";"35.7";"3";"1.1"
"Citywide";"1";"New York City";"";"2015";"5371";"0";"908";"0";"318";"0";"311300";"17.3";"2.9";"1"
"Neighborhood (UHF 42)";"401";"Long Island City - Astoria";"4";"2014";"136";"0";"18";"0";"4";"1";"6700";"20.2";"2.7";"0.6"
"Neighborhood (UHF 42)";"306";"Chelsea - Clinton";"3";"2006";"188";"0";"15";"0";"3";"1";"2200";"84.5";"6.7";"1.3"
"Neighborhood (UHF 42)";"410";"Rockaways";"4";"2015";"48";"0";"7";"1";"2";"1";"4900";"9.9";"1.4";"0.4"
"Neighborhood (UHF 42)";"203";"Bedford Stuyvesant - Crown Heights";"2";"2007";"2132";"0";"155";"0";"52";"0";"15300";"139.5";"10.1";"3.4"
"Neighborhood (UHF 42)";"303";"East Harlem";"3";"2016";"26";"0";"5";"1";"2";"1";"3300";"7.9";"1.5";"0.6"
"Neighborhood (UHF 42)";"502";"Stapleton - St. George";"5";"2015";"77";"0";"17";"0";"4";"1";"4400";"17.4";"3.8";"0.9"
"Neighborhood (UHF 42)";"302";"Central Harlem - Morningside Heights";"3";"2012";"94";"0";"10";"1";"2";"1";"6100";"15.4";"1.6";"0.3"
"Neighborhood (UHF 42)";"106";"High Bridge - Morrisania";"1";"2008";"809";"0";"50";"0";"18";"0";"12500";"64.8";"4";"1.4"
"Neighborhood (UHF 42)";"101";"Kingsbridge - Riverdale";"1";"2014";"33";"0";"4";"1";"2";"1";"3200";"10.2";"1.2";"0.6"
"Neighborhood (UHF 42)";"501";"Port Richmond";"5";"2005";"293";"0";"44";"0";"12";"0";"2800";"106.5";"16";"4.4"
"Neighborhood (UHF 42)";"408";"Jamaica";"4";"2010";"563";"0";"63";"0";"25";"0";"13900";"40.5";"4.5";"1.8"
"Neighborhood (UHF 42)";"204";"East New York";"2";"2014";"220";"0";"40";"0";"17";"0";"10200";"21.6";"3.9";"1.7"
"Neighborhood (UHF 42)";"106";"High Bridge - Morrisania";"1";"2015";"169";"0";"22";"0";"7";"1";"10900";"15.5";"2";"0.6"
"Neighborhood (UHF 42)";"101";"Kingsbridge - Riverdale";"1";"2006";"179";"0";"18";"0";"7";"1";"2900";"60.8";"6.1";"2.4"
"Neighborhood (UHF 42)";"209";"Bensonhurst - Bay Ridge";"2";"2011";"241";"0";"35";"0";"11";"1";"7100";"34.2";"5";"1.6"
"Neighborhood (UHF 42)";"503";"Willowbrook";"5";"2014";"16";"0";"2";"1";"1";"1";"2200";"7.1";"0.9";"0.4"
"Neighborhood (UHF 42)";"103";"Fordham - Bronx Pk";"1";"2008";"951";"0";"75";"0";"25";"0";"13700";"69.5";"5.5";"1.8"
"Neighborhood (UHF 42)";"403";"Flushing - Clearview";"4";"2012";"114";"0";"19";"0";"9";"1";"8400";"13.5";"2.3";"1.1"
"Neighborhood (UHF 42)";"201";"Greenpoint";"2";"2011";"526";"0";"53";"0";"12";"0";"5000";"104.9";"10.6";"2.4"
"Neighborhood (UHF 42)";"407";"Southwest Queens";"4";"2012";"262";"0";"43";"0";"24";"0";"11300";"23.2";"3.8";"2.1"
"Neighborhood (UHF 42)";"408";"Jamaica";"4";"2015";"236";"0";"47";"0";"19";"0";"13300";"17.7";"3.5";"1.4"
"Neighborhood (UHF 42)";"406";"Fresh Meadows";"4";"2013";"60";"0";"4";"1";"3";"1";"4100";"14.7";"1";"0.7"
"Neighborhood (UHF 42)";"503";"Willowbrook";"5";"2011";"37";"0";"2";"1";"1";"1";"2500";"14.6";"0.8";"0.4"
"Neighborhood (UHF 42)";"401";"Long Island City - Astoria";"4";"2005";"754";"0";"60";"0";"30";"0";"7000";"108.2";"8.6";"4.3"
"Neighborhood (UHF 42)";"105";"Crotona -Tremont";"1";"2013";"212";"0";"30";"0";"18";"0";"11200";"19";"2.7";"1.6"
"Neighborhood (UHF 42)";"203";"Bedford Stuyvesant - Crown Heights";"2";"2011";"727";"0";"73";"0";"26";"0";"16100";"45.1";"4.5";"1.6"
"Neighborhood (UHF 42)";"503";"Willowbrook";"5";"2006";"96";"0";"4";"1";"1";"1";"2400";"39.3";"1.6";"0.4"
"Neighborhood (UHF 42)";"105";"Crotona -Tremont";"1";"2011";"338";"0";"25";"0";"4";"1";"11900";"28.4";"2.1";"0.3"
"Neighborhood (UHF 42)";"106";"High Bridge - Morrisania";"1";"2011";"380";"0";"32";"0";"11";"1";"12500";"30.4";"2.6";"0.9"
"Neighborhood (UHF 42)";"409";"Southeast Queens";"4";"2011";"198";"0";"19";"0";"4";"1";"6600";"30.2";"2.9";"0.6"
"Neighborhood (UHF 42)";"502";"Stapleton - St. George";"5";"2014";"96";"0";"11";"1";"5";"1";"4600";"20.8";"2.4";"1.1"
"Neighborhood (UHF 42)";"206";"Borough Park";"2";"2013";"780";"0";"76";"0";"24";"0";"17000";"45.8";"4.5";"1.4"
"Neighborhood (UHF 42)";"306";"Chelsea - Clinton";"3";"2009";"89";"0";"5";"1";"2";"1";"2200";"41.3";"2.3";"0.9"
"Neighborhood (UHF 42)";"407";"Southwest Queens";"4";"2007";"993";"0";"133";"0";"29";"0";"10800";"91.8";"12.3";"2.7"
"Neighborhood (UHF 42)";"201";"Greenpoint";"2";"2010";"519";"0";"59";"0";"25";"0";"5100";"101.5";"11.5";"4.9"
"Neighborhood (UHF 42)";"107";"Hunts Point - Mott Haven";"1";"2007";"699";"0";"33";"0";"10";"1";"8100";"86.4";"4.1";"1.2"
"Neighborhood (UHF 42)";"410";"Rockaways";"4";"2005";"474";"0";"29";"0";"12";"0";"4500";"106.3";"6.5";"2.7"
"Neighborhood (UHF 42)";"405";"Ridgewood - Forest Hills";"4";"2005";"735";"0";"48";"0";"17";"0";"7800";"94.8";"6.2";"2.2"
"Neighborhood (UHF 42)";"501";"Port Richmond";"5";"2008";"218";"0";"31";"0";"11";"1";"3300";"66.6";"9.5";"3.4"
"Neighborhood (UHF 42)";"310";"Lower Manhattan";"3";"2007";"82";"0";"1";"1";"0";"1";"1000";"79.2";"1";"0"
"Neighborhood (UHF 42)";"308";"Greenwich Village - SoHo";"3";"2016";"15";"0";"1";"1";"0";"1";"1400";"10.6";"0.7";"0"
"Neighborhood (UHF 42)";"107";"Hunts Point - Mott Haven";"1";"2010";"294";"0";"30";"0";"12";"0";"8400";"35";"3.6";"1.4"
"Neighborhood (UHF 42)";"101";"Kingsbridge - Riverdale";"1";"2012";"33";"0";"5";"1";"3";"1";"3400";"9.8";"1.5";"0.9"
"Neighborhood (UHF 42)";"410";"Rockaways";"4";"2006";"422";"0";"38";"0";"16";"0";"4600";"92.5";"8.3";"3.5"
"Neighborhood (UHF 42)";"208";"Canarsie - Flatlands";"2";"2008";"392";"0";"25";"0";"6";"1";"7400";"52.7";"3.4";"0.8"
"Neighborhood (UHF 42)";"301";"Washington Heights";"3";"2011";"269";"0";"35";"0";"16";"0";"11200";"24.1";"3.1";"1.4"
"Neighborhood (UHF 42)";"102";"Northeast Bronx";"1";"2007";"632";"0";"48";"0";"19";"0";"7100";"89.5";"6.8";"2.7"
"Neighborhood (UHF 42)";"307";"Gramercy Park - Murray Hill";"3";"2008";"77";"0";"7";"1";"2";"1";"1900";"41";"3.7";"1.1"
"Neighborhood (UHF 42)";"402";"West Queens";"4";"2007";"1785";"0";"149";"0";"63";"0";"21200";"84.3";"7";"3"
"Neighborhood (UHF 42)";"201";"Greenpoint";"2";"2015";"215";"0";"28";"0";"4";"1";"4200";"51";"6.6";"0.9"
"Neighborhood (UHF 42)";"101";"Kingsbridge - Riverdale";"1";"2010";"74";"0";"6";"1";"3";"1";"3500";"21.4";"1.7";"0.9"
"Neighborhood (UHF 42)";"302";"Central Harlem - Morningside Heights";"3";"2016";"69";"0";"9";"1";"5";"1";"5100";"13.4";"1.8";"1"
"Neighborhood (UHF 42)";"310";"Lower Manhattan";"3";"2012";"17";"0";"1";"1";"0";"1";"1600";"10.6";"0.6";"0"
"Neighborhood (UHF 42)";"504";"South Beach - Tottenville";"5";"2009";"85";"0";"4";"1";"3";"1";"4700";"18";"0.8";"0.6"
"Neighborhood (UHF 42)";"306";"Chelsea - Clinton";"3";"2016";"14";"0";"2";"1";"2";"1";"1800";"7.8";"1.1";"1.1"
"Neighborhood (UHF 42)";"407";"Southwest Queens";"4";"2006";"1034";"0";"135";"0";"35";"0";"10300";"100.3";"13.1";"3.4"
"Neighborhood (UHF 42)";"101";"Kingsbridge - Riverdale";"1";"2015";"26";"0";"10";"1";"4";"1";"2800";"9.5";"3.6";"1.5"
"Neighborhood (UHF 42)";"210";"Coney Island - Sheepshead Bay";"2";"2006";"919";"0";"72";"0";"26";"0";"9100";"101.4";"7.9";"2.9"
"Neighborhood (UHF 42)";"405";"Ridgewood - Forest Hills";"4";"2010";"384";"0";"30";"0";"9";"1";"9400";"40.8";"3.2";"1"
"Neighborhood (UHF 42)";"405";"Ridgewood - Forest Hills";"4";"2006";"647";"0";"41";"0";"13";"0";"8000";"81";"5.1";"1.6"
"Neighborhood (UHF 42)";"406";"Fresh Meadows";"4";"2012";"54";"0";"6";"1";"1";"1";"4000";"13.6";"1.5";"0.3"
"Neighborhood (UHF 42)";"204";"East New York";"2";"2012";"279";"0";"25";"0";"10";"1";"10600";"26.4";"2.4";"0.9"
"Neighborhood (UHF 42)";"107";"Hunts Point - Mott Haven";"1";"2014";"141";"0";"11";"1";"3";"1";"7400";"19";"1.5";"0.4"
"Neighborhood (UHF 42)";"404";"Bayside - Little Neck";"4";"2005";"103";"0";"3";"1";"2";"1";"1900";"53.3";"1.6";"1"
"Neighborhood (UHF 42)";"202";"Downtown - Heights - Slope";"2";"2016";"130";"0";"17";"0";"3";"1";"7200";"18";"2.4";"0.4"
"Neighborhood (UHF 42)";"404";"Bayside - Little Neck";"4";"2006";"80";"0";"4";"1";"0";"1";"1900";"41.9";"2.1";"0"
"Neighborhood (UHF 42)";"310";"Lower Manhattan";"3";"2009";"32";"0";"1";"1";"0";"1";"1100";"27.9";"0.9";"0"
"Neighborhood (UHF 42)";"307";"Gramercy Park - Murray Hill";"3";"2011";"33";"0";"2";"1";"1";"1";"2100";"16.1";"1";"0.5"
"Neighborhood (UHF 42)";"303";"East Harlem";"3";"2005";"778";"0";"42";"0";"6";"1";"4800";"161.8";"8.7";"1.2"
"Neighborhood (UHF 42)";"405";"Ridgewood - Forest Hills";"4";"2012";"193";"0";"28";"0";"9";"1";"9400";"20.5";"3";"1"
"Neighborhood (UHF 42)";"302";"Central Harlem - Morningside Heights";"3";"2011";"192";"0";"22";"0";"6";"1";"6300";"30.3";"3.5";"0.9"
"Neighborhood (UHF 42)";"408";"Jamaica";"4";"2009";"555";"0";"61";"0";"22";"0";"13500";"41.2";"4.5";"1.6"
"Neighborhood (UHF 42)";"206";"Borough Park";"2";"2014";"702";"0";"101";"0";"34";"0";"17100";"41.1";"5.9";"2"
"Neighborhood (UHF 42)";"203";"Bedford Stuyvesant - Crown Heights";"2";"2005";"2528";"0";"220";"0";"69";"0";"16100";"156.8";"13.6";"4.3"
"Neighborhood (UHF 42)";"204";"East New York";"2";"2005";"1767";"0";"156";"0";"47";"0";"10800";"163.8";"14.5";"4.4"
"Neighborhood (UHF 42)";"301";"Washington Heights";"3";"2005";"1089";"0";"112";"0";"31";"0";"10700";"101.6";"10.5";"2.9"
"Citywide";"1";"New York City";"";"2014";"6550";"0";"959";"0";"341";"0";"314500";"20.8";"3";"1.1"
"Neighborhood (UHF 42)";"410";"Rockaways";"4";"2007";"326";"0";"21";"0";"7";"1";"4600";"70.2";"4.5";"1.5"
"Neighborhood (UHF 42)";"407";"Southwest Queens";"4";"2015";"220";"0";"44";"0";"13";"0";"11300";"19.4";"3.9";"1.1"
"Neighborhood (UHF 42)";"102";"Northeast Bronx";"1";"2011";"186";"0";"24";"0";"12";"0";"7100";"26.4";"3.4";"1.7"
"Neighborhood (UHF 42)";"310";"Lower Manhattan";"3";"2014";"9";"1";"3";"1";"1";"1";"1400";"6.5";"2.2";"0.7"
"Neighborhood (UHF 42)";"502";"Stapleton - St. George";"5";"2010";"145";"0";"11";"1";"1";"1";"5000";"29.3";"2.2";"0.2"
"Neighborhood (UHF 42)";"106";"High Bridge - Morrisania";"1";"2007";"1179";"0";"82";"0";"26";"0";"12400";"95.3";"6.6";"2.1"
"Neighborhood (UHF 42)";"210";"Coney Island - Sheepshead Bay";"2";"2016";"246";"0";"60";"0";"17";"0";"11100";"22.2";"5.4";"1.5"
"Neighborhood (UHF 42)";"404";"Bayside - Little Neck";"4";"2014";"9";"1";"2";"1";"0";"1";"2200";"4.2";"0.9";"0"
"Neighborhood (UHF 42)";"502";"Stapleton - St. George";"5";"2005";"421";"0";"50";"0";"18";"0";"4300";"98.2";"11.7";"4.2"
"Neighborhood (UHF 42)";"207";"East Flatbush - Flatbush";"2";"2005";"2214";"0";"187";"0";"64";"0";"14800";"150";"12.7";"4.3"
"Neighborhood (UHF 42)";"102";"Northeast Bronx";"1";"2015";"96";"0";"17";"0";"6";"1";"5900";"16.2";"2.9";"1"
"Neighborhood (UHF 42)";"306";"Chelsea - Clinton";"3";"2008";"129";"0";"16";"0";"1";"1";"2100";"62";"7.7";"0.5"
"Neighborhood (UHF 42)";"410";"Rockaways";"4";"2008";"228";"0";"19";"0";"7";"1";"5000";"45.9";"3.8";"1.4"
"Neighborhood (UHF 42)";"301";"Washington Heights";"3";"2015";"101";"0";"22";"0";"9";"1";"8800";"11.5";"2.5";"1"
"Neighborhood (UHF 42)";"409";"Southeast Queens";"4";"2016";"76";"0";"14";"0";"6";"1";"5800";"13.1";"2.4";"1"
"Neighborhood (UHF 42)";"503";"Willowbrook";"5";"2015";"9";"1";"2";"1";"1";"1";"2200";"4";"0.9";"0.4"
"Neighborhood (UHF 42)";"501";"Port Richmond";"5";"2012";"98";"0";"17";"0";"2";"1";"3400";"29.2";"5.1";"0.6"
"Neighborhood (UHF 42)";"105";"Crotona -Tremont";"1";"2008";"746";"0";"56";"0";"21";"0";"12100";"61.4";"4.6";"1.7"
"Neighborhood (UHF 42)";"204";"East New York";"2";"2007";"1378";"0";"116";"0";"29";"0";"10700";"128.9";"10.9";"2.7"
"Neighborhood (UHF 42)";"106";"High Bridge - Morrisania";"1";"2016";"158";"0";"15";"0";"5";"1";"10500";"15.1";"1.4";"0.5"
"Neighborhood (UHF 42)";"401";"Long Island City - Astoria";"4";"2016";"91";"0";"11";"1";"4";"1";"6500";"13.9";"1.7";"0.6"
"Neighborhood (UHF 42)";"408";"Jamaica";"4";"2013";"287";"0";"47";"0";"15";"0";"13400";"21.5";"3.5";"1.1"
"Neighborhood (UHF 42)";"304";"Upper West Side";"3";"2005";"427";"0";"26";"0";"6";"1";"5500";"78.2";"4.8";"1.1"
"Neighborhood (UHF 42)";"402";"West Queens";"4";"2005";"2267";"0";"238";"0";"84";"0";"19300";"117.5";"12.3";"4.4"
"Neighborhood (UHF 42)";"408";"Jamaica";"4";"2014";"282";"0";"54";"0";"24";"0";"13500";"20.9";"4";"1.8"
"Neighborhood (UHF 42)";"207";"East Flatbush - Flatbush";"2";"2007";"1852";"0";"139";"0";"44";"0";"13700";"135.7";"10.2";"3.2"
"Neighborhood (UHF 42)";"206";"Borough Park";"2";"2009";"1223";"0";"137";"0";"51";"0";"14300";"85.3";"9.6";"3.6"
"Neighborhood (UHF 42)";"211";"Williamsburg - Bushwick";"2";"2006";"1837";"0";"155";"0";"47";"0";"11600";"158.5";"13.4";"4.1"
"Neighborhood (UHF 42)";"103";"Fordham - Bronx Pk";"1";"2011";"453";"0";"75";"0";"26";"0";"13900";"32.5";"5.4";"1.9"
"Neighborhood (UHF 42)";"202";"Downtown - Heights - Slope";"2";"2009";"378";"0";"33";"0";"13";"0";"7500";"50.5";"4.4";"1.7"
"Neighborhood (UHF 42)";"211";"Williamsburg - Bushwick";"2";"2013";"315";"0";"37";"0";"15";"0";"10600";"29.7";"3.5";"1.4"
"Neighborhood (UHF 42)";"407";"Southwest Queens";"4";"2011";"371";"0";"54";"0";"19";"0";"11800";"31.4";"4.6";"1.6"
"Neighborhood (UHF 42)";"102";"Northeast Bronx";"1";"2016";"83";"0";"18";"0";"11";"1";"5800";"14.3";"3.1";"1.9"
"Neighborhood (UHF 42)";"211";"Williamsburg - Bushwick";"2";"2014";"271";"0";"40";"0";"20";"0";"9900";"27.3";"4";"2"
"Neighborhood (UHF 42)";"306";"Chelsea - Clinton";"3";"2013";"38";"0";"2";"1";"1";"1";"1800";"20.9";"1.1";"0.5"
"Neighborhood (UHF 42)";"203";"Bedford Stuyvesant - Crown Heights";"2";"2010";"801";"0";"81";"0";"28";"0";"16000";"50";"5.1";"1.7"
"Neighborhood (UHF 42)";"406";"Fresh Meadows";"4";"2008";"147";"0";"9";"1";"5";"1";"3600";"40.4";"2.5";"1.4"
"Neighborhood (UHF 42)";"304";"Upper West Side";"3";"2016";"26";"0";"5";"1";"3";"1";"4000";"6.6";"1.3";"0.8"
"Neighborhood (UHF 42)";"305";"Upper East Side";"3";"2013";"39";"0";"2";"1";"1";"1";"4700";"8.4";"0.4";"0.2"
"Neighborhood (UHF 42)";"403";"Flushing - Clearview";"4";"2005";"458";"0";"56";"0";"21";"0";"6700";"67.9";"8.3";"3.1"
"Neighborhood (UHF 42)";"210";"Coney Island - Sheepshead Bay";"2";"2009";"608";"0";"59";"0";"22";"0";"9800";"62";"6";"2.2"
"Neighborhood (UHF 42)";"310";"Lower Manhattan";"3";"2008";"42";"0";"2";"1";"2";"1";"1000";"40.9";"1.9";"1.9"
"Neighborhood (UHF 42)";"209";"Bensonhurst - Bay Ridge";"2";"2015";"147";"0";"37";"0";"12";"0";"7800";"18.9";"4.8";"1.5"
"Neighborhood (UHF 42)";"210";"Coney Island - Sheepshead Bay";"2";"2012";"374";"0";"36";"0";"14";"0";"10500";"35.6";"3.4";"1.3"
"Neighborhood (UHF 42)";"210";"Coney Island - Sheepshead Bay";"2";"2015";"223";"0";"58";"0";"29";"0";"11100";"20";"5.2";"2.6"
"Neighborhood (UHF 42)";"307";"Gramercy Park - Murray Hill";"3";"2009";"69";"0";"4";"1";"0";"1";"2000";"34.6";"2";"0"
"Neighborhood (UHF 42)";"307";"Gramercy Park - Murray Hill";"3";"2013";"28";"0";"3";"1";"0";"1";"2000";"14.1";"1.5";"0"
"Neighborhood (UHF 42)";"104";"Pelham - Throgs Neck";"1";"2005";"1314";"0";"86";"0";"24";"0";"11600";"113.2";"7.4";"2.1"
"Neighborhood (UHF 42)";"301";"Washington Heights";"3";"2006";"1115";"0";"104";"0";"36";"0";"11200";"99.8";"9.3";"3.2"
"Neighborhood (UHF 42)";"407";"Southwest Queens";"4";"2013";"239";"0";"39";"0";"15";"0";"11400";"20.9";"3.4";"1.3"
"Neighborhood (UHF 42)";"106";"High Bridge - Morrisania";"1";"2013";"281";"0";"31";"0";"9";"1";"11800";"23.8";"2.6";"0.8"
"Neighborhood (UHF 42)";"103";"Fordham - Bronx Pk";"1";"2016";"209";"0";"47";"0";"24";"0";"11900";"17.5";"3.9";"2"
